{
  "hosting": {
    "site": "indigo-night-463419-r0",
    "public": "dist",
    "ignore": ["firebase.json", "**/.*", "**/node_modules/**"],
    "predeploy": ["npm ci", "npm run build"],
    "rewrites": [
      { "source": "/api/**", "run": { "serviceId": "makistry", "region": "us-central1" } },
      { "source": "/share/**", "run": { "serviceId": "makistry", "region": "us-central1" } },
      { "source": "**", "destination": "/index.html" }
    ],
    "headers": [
      { "source": "/index.html", "headers": [{ "key": "Cache-Control", "value": "no-cache" }] },
      { "source": "/assets/**",  "headers": [{ "key": "Cache-Control", "value": "public, max-age=31536000, immutable" }] }
    ]
  }
}
